candidate_id,estate,source_id,node_type,title,document_or_part,paragraph_or_rule,url,matched_amounts,rule_based_reason,snippet
cand-00354,rule,d6dbf79e57aa9f52,rule,Article 414(3),Liquidity (CRR),3,https://www.prarulebook.co.uk/pra-rules/liquidity-crr/01-06-2026#f6461b59a9aa41dba8b9da2685d4ac38,GBP 5 billion,Monetary amount appears with threshold/trigger language.,"An institution with total assets : (a) equal to or greater than GBP 5 billion on an individual basis or consolidated basis must be capable at all times of reporting to the competent authority at a daily frequency by the end of the business day all of the following templates: (i) (unless it is an SDDT or an SDDT consolidation entity ) Annex XVIII Template C 70 as specified in the Reporting (CRR) Part of the PRA Rulebook; (ii) Annex XXIV Templates C 72, C 73, C 74, C 75 and C 76 as specified in the Reporting (CRR) Part of the PRA Rulebook; and (iii) data item PRA 110 as specified in the Regulatory Reporting Part ; (b) of less than GBP 5 billion on an individual basis or consolidated basis must"
cand-00355,rule,d6dbf79e57aa9f52,rule,Article 414(3),Liquidity (CRR),3,https://www.prarulebook.co.uk/pra-rules/liquidity-crr/01-06-2026#f6461b59a9aa41dba8b9da2685d4ac38,GBP 5 billion,Monetary amount appears with threshold/trigger language.,ry Reporting Part ; (b) of less than GBP 5 billion on an individual basis or consolidated basis must be capable at all times of reporting to the competent authority data item PRA 110 as specified in the Regulatory Reporting Part at a weekly frequency by the end of the business day . [Note: This rule corresponds to Article 414 of the CRR as it applied immediately before revocation by the Treasury .]
cand-00356,rule,25fb0f85bbc6cde7,rule,Article 416(5),Liquidity (CRR),5,https://www.prarulebook.co.uk/pra-rules/liquidity-crr/01-06-2026#b86bf8ad70f04b91bb63395e9ce31285,GBP 440 m,Monetary amount appears with threshold/trigger language.,"Shares or units in CIUs may be treated as liquid assets, up to an absolute amount of GBP 440 million or the equivalent amount in domestic currency, in the portfolio of liquid assets of each institution, provided that the requirements laid down in Article 132(3) are met and that the CIU only invests in liquid assets as referred to in paragraph 1 of this Article, apart from derivatives to mitigate interest rate or credit or currency risk."
cand-00357,rule,39f3d6f3b8471f15,rule,Article 428(1),Liquidity (CRR),1,https://www.prarulebook.co.uk/pra-rules/liquidity-crr/01-06-2026#3227b9d14f1f435d8f43b5895996ba31,"GBP 880,000",Monetary amount appears with threshold/trigger language.,"ange; (d) other equity securities; (e) gold; (f) other precious metals; (g) non-renewable loans and receivables, and separately those non-renewable loans and receivables for which borrowers are: (i) natural persons other than commercial sole proprietors and partnerships ; (ii) SMEs that qualify for the retail exposure class under the Standardised or IRB approaches for credit risk or to a company which is eligible for the treatment set out in Article 153(4) and where the aggregate deposit placed by that client or group of connected clients is less than GBP 880,000; (iii) sovereigns, central banks and public sector entities; (iv) clients not referred to in points (i) and (ii) other than financ"
cand-00348,rule,e45237866ae22ec3,rule,Article 11(1),Liquidity Coverage Ratio (CRR),1,https://www.prarulebook.co.uk/pra-rules/liquidity-coverage-ratio-crr/01-06-2026#3fd347e63be649c0b767e7e561b56e84,GBP 440 m; GBP 220 m,Monetary amount appears with threshold/trigger language.,"However, where the issue size of the covered bonds is GBP 440 million (or the equivalent amount in domestic currency) or higher, they shall instead be subject to a minimum asset coverage requirement of 2%; (e) corporate debt securities which meet all of the following requirements: (i) they are assigned a credit assessment by a nominated ECAI which is at least credit quality step 1 in accordance with Article 122 of CRR or the equivalent credit quality step in the event of a short term credit assessment; (ii) the securities issue size is at least GBP 220 million (or the equivalent in domestic currency); (iii) the maximum time to maturity of the securities at the time of issuance is 10 years."
cand-00349,rule,06a21c9a6b025950,rule,Article 12(1),Liquidity Coverage Ratio (CRR),1,https://www.prarulebook.co.uk/pra-rules/liquidity-coverage-ratio-crr/01-06-2026#a8221885652442839fdd1c0cc7e0df36,GBP 220 m,Monetary amount appears with threshold/trigger language.,"Level 2B assets shall only include assets falling under one or more of the following categories and meeting in each case the eligibility criteria laid down herein: (a) exposures in the form of asset-backed securities meeting the requirements laid down in Article 13; (b) corporate debt securities which meet all of the following requirements: (i) they have received a credit assessment by a nominated ECAI which is at least credit quality step 3 in accordance with Article 122 of CRR or the equivalent credit quality step in the event of a short term credit assessment; (ii) the securities issue size is at least GBP 220 million (or the equivalent in domestic currency); (iii) the maximum time to maturity of the securities at the time of issuance is 10 years; (c) shares, provided that they meet all of the following requirements: (i) they form part of the Financial Times Stock Exchange 100 (FTSE 100) in the United Kingdom or a major stock index of a third country composed of leading companies in the relevant jurisdiction; (ii) they are denominated in pounds Sterling or, where denominated in a different currency, they count as level 2B only up to the amount to cover stressed net liquidity out"
cand-00350,rule,06a21c9a6b025950,rule,Article 12(1),Liquidity Coverage Ratio (CRR),1,https://www.prarulebook.co.uk/pra-rules/liquidity-coverage-ratio-crr/01-06-2026#a8221885652442839fdd1c0cc7e0df36,GBP 220 m,Monetary amount appears with threshold/trigger language.,"This requirement shall be deemed met where the level of decline in the share's stock price or increase in its haircut during a 30 day calendar day market stress period did not exceed 40% or 40 percentage points, respectively; (d) restricted-use committed liquidity facilities that may be provided by the Bank of England or the central bank of a third country , provided that the requirements laid down in Article 14 are met; (e) exposures in the form of high quality covered bonds which shall comply with all of the following requirements: (i) they are CRR covered bonds or meet the requirements to be eligible for the treatment set out in Article 129(4) or (5) of the CRR ; (ii) the credit institution investing in the covered bonds meets the transparency requirement laid down in Article 129(7) of the CRR ; (iii) the issuer of the covered bonds makes the information referred to in Article 129(7)(a) of the CRR available to investors on at least a quarterly basis; (iv) their issue size is at least GBP 220 million (or the equivalent amount in domestic currency); (v) the covered bonds are collateralised exclusively by the assets referred to in points (a) and (d)(i) of Article 129(1) of the CRR "
cand-00351,rule,afdf5046da7871f4,rule,Article 13(11),Liquidity Coverage Ratio (CRR),11,https://www.prarulebook.co.uk/pra-rules/liquidity-coverage-ratio-crr/01-06-2026#4e8d63f62b2c475fb9dbac786638d7fc,GBP 88 m,Monetary amount appears with threshold/trigger language.,The issue size of the tranche shall be at least GBP 88 million (or the equivalent amount in domestic currency).
cand-00352,rule,cdf344d89fddc575,rule,Article 15(1),Liquidity Coverage Ratio (CRR),1,https://www.prarulebook.co.uk/pra-rules/liquidity-coverage-ratio-crr/01-06-2026#735aafcfdaf9410285010b2bf8c28d1f,GBP 440 m,Monetary amount appears with threshold/trigger language.,"Shares or units in CIUs shall qualify as liquid assets of the same level as the liquid assets underlying the relevant undertaking up to an absolute amount of GBP 440 million (or equivalent amount in domestic currency) for each credit institution on an individual basis, provided that: (a) the requirements in Article 132(3) of CRR are complied with; (b) the CIU invests only in liquid assets and derivatives, in the latter case only to the extent necessary to mitigate interest rate, currency or credit risk in the portfolio."
cand-00353,rule,d4fec5ed57a33d6d,rule,Article 25(2),Liquidity Coverage Ratio (CRR),2,https://www.prarulebook.co.uk/pra-rules/liquidity-coverage-ratio-crr/01-06-2026#6708ca264c62445e966ccec3a7e0d301,"GBP 440,000",Monetary amount appears with threshold/trigger language.,"Other retail deposits shall be subject to higher outflow rates, as determined by the credit institution, in accordance with paragraph 3 , where the following conditions are met: (a) the total deposit balance, including all the client's deposit accounts at that credit institution or group, exceeds GBP 440,000; (b) the deposit is an internet access-only account; (c) the deposit offers an interest rate that fulfils any of the following conditions: (i) the rate significantly exceeds the average rate for similar retail products; (ii) its return is derived from the return on a market index or set of indices; (iii) its return is derived from any market variable other than a floating interest rate; (d) the deposit was originally placed as fixed-term with an expiry date maturing within the 30 calendar day period or the deposit presents a fixed notice period shorter than 30 calendar days, in accordance with contractual arrangements, other than those deposits that qualify for the treatment provided for in paragraph 4 ; (e) for credit institutions established in the United Kingdom , the depositor is resident in a third country or the deposit is denominated in a currency other than pounds Sterl"
cand-00358,rule,939f1a0337b82fe4,rule,4.5,Management Expenses in Respect of Relevant Schemes,4.5,https://www.prarulebook.co.uk/pra-rules/management-expenses-in-respect-of-relevant-schemes/01-06-2026#a6a7c30eddff4fc5a867506f427bcadf,£250,Monetary amount appears with threshold/trigger language.,"If a firm (and, where applicable, the Society ), does not pay the total amount of its share of a MERS levy , before the end of the date on which it is due, it must pay an additional amount as follows: (1) if the MERS levy was not paid in full before the end of the due date, an administrative fee of £250; and (2) interest on any unpaid part of the MERS levy or administrative fee at the rate of 5% per annum above the Official Bank Rate from time to time in force, accruing on a daily basis from the date on which the amount concerned became due."
cand-00359,rule,6d53d1e11d7ae1ca,rule,3.2,Minimum Capital Requirement,3.2,https://www.prarulebook.co.uk/pra-rules/minimum-capital-requirement/01-06-2026#965c1f3c028f41a3a7128379f39abac9,"£2,400,000; £3,500,000",Monetary amount appears with threshold/trigger language.,"The MCR must have an absolute floor of: (1) £2,400,000 for firms , including captive insurers , which have Part 4A permission to effect contracts of insurance or carry out contracts of insurance that are contracts of general insurance , except in the case where all or some of the general insurance business classes 10 to 15 are covered, in which case it must be no less than £3,500,000; (2) £3,500,000 for firms , including captive insurers , which have Part 4A permission to effect contracts of insurance or carry out contracts of insurance that are contracts of long term insurance ; (3) £3,500,000 for pure reinsurer s , except in the case of captive reinsurers that are pure reinsurers , in whic"
cand-00360,rule,6d53d1e11d7ae1ca,rule,3.2,Minimum Capital Requirement,3.2,https://www.prarulebook.co.uk/pra-rules/minimum-capital-requirement/01-06-2026#965c1f3c028f41a3a7128379f39abac9,"£1,200,000",Monetary amount appears with threshold/trigger language.,"0 for pure reinsurer s , except in the case of captive reinsurers that are pure reinsurers , in which case the MCR must be no less than £1,200,000; (4) Unless (5) applies, the sum of the amounts set out in (1) and (2) for composite firms other than pure reinsurers ; or (5) For composite firms , other than pure reinsurers , whose Part 4A permission in relation to general insurance business is limited to general insurance business class 1 (accident) or class 2 (sickness) and where the gross written premiums for either: (a) general insurance business ; or (b) long-term insurance business , do not exceed 10% of total gross written premiums of the firm as a whole, the amount set out in (2)."
cand-00361,rule,262e72a3e8c5f31e,rule,12.2,Notifications,12.2,https://www.prarulebook.co.uk/pra-rules/notifications/01-06-2026#0b1cfdc5cce54f19a4cd6ea04b461a20,£25 billion,Monetary amount appears with threshold/trigger language.,"A firm must notify the PRA within 30 days after it becomes aware, or has information which reasonably suggests, that any of the following has occurred: (1) if the firm is not in a group , its total core deposits : (a) have increased over £25 billion; or (b) have decreased to less than or equal to £25 billion, (2) if the firm is in a group , the sum of core deposits of all relevant group members : (a) has increased over £25 billion; or (b) has decreased to less than or equal to £25 billion."
cand-00362,rule,e6e1a571e27ea759,rule,1.1,Operational Continuity,1.1,https://www.prarulebook.co.uk/pra-rules/operational-continuity/01-06-2026#aa0d797070ef4ac5adea453171e23349,£10bn; £350m,Monetary amount appears with threshold/trigger language.,"This Part applies to a CRR firm that receives critical services supporting critical functions if it fulfils any of the following conditions on 1 January of any year: (1) the average of the firm’s total assets it was required to report for the previous 36 months in accordance with Chapters 7 and 9 of the Regulatory Reporting Part of the PRA Rulebook exceeds £10bn; (2) the average of the firm’s safe custody assets it was required to report for the previous 36 months in accordance with SUP 16.14 of the FCA Handbook as amended from time to time exceeds £10bn; or (3) the average total amount of received sight deposits it was required to report for the previous 36 months in accordance with the ITS on supervisory reporting , or that it would have had to report if the ITS on supervisory reporting had been in force, exceeds £350m."
cand-00363,rule,45581408d95b034c,rule,Article 15e(8),Own Funds (CRR),8,https://www.prarulebook.co.uk/pra-rules/own-funds-crr/01-06-2026#0926d482a5f04e1fab5b7771a8201746,GBP 8.8 m,Monetary amount appears with threshold/trigger language.,"By way of derogation from paragraph 7 of this Article, the institution shall treat the amount of funding that it holds in the intermediate entity as a non-significant investment and shall deduct them in accordance with point (h) of Article 36(1) of the CRR , where all of the following conditions are met: (a) the amounts of funding are less than 0.25% of the institution's Common Equity Tier 1 capital; (b) the amounts of funding are less than GBP 8.8 million; (c) the institution cannot reasonably determine the amounts of its own Common Equity Tier 1 instruments that the intermediate entity holds."
cand-00364,rule,52a6095d84d2fec4,rule,21.1,Policyholder Protection,21.1,https://www.prarulebook.co.uk/pra-rules/policyholder-protection/01-06-2026#d9d3752e07eb410fbca1524a72a635bb,£250,Monetary amount appears with threshold/trigger language.,"If a participant firm does not pay the total amount of the participant firm’s share of the FSCS levy, before the end of the date on which it is due, under the relevant provision in this Part, that participant firm must pay an additional amount as follows: (1) if the share of the FSCS levy owing was not paid in full before the end of the due date, an administrative fee of £250; plus (2) interest on any unpaid part of the share of the FSCS levy owing at the rate of 5% per annum above the Official Bank Rate from time to time in force, accruing on a daily basis from the date on which the amount concerned became due."
cand-00365,rule,c8546ced1432b036,rule,21.44,Policyholder Protection,21.44,https://www.prarulebook.co.uk/pra-rules/policyholder-protection/01-06-2026#332d8235c00c4195918e419b79c6bbb8,£250,Monetary amount appears with threshold/trigger language.,"If a participant firm does not submit a complete statement by the date on which it is due in accordance with 21.42A and any prescribed submission procedures: (1) the firm must pay an administrative fee of £250 (but not if it is already subject to an administrative fee for non-submission of data in the same financial year required under this Part, or any other PRA rule or rule in the FCA Handbook); and (2) the compensation costs levy and any specific costs levy will be calculated using (where relevant) the valuation or valuations of business applicable to the previous period, multiplied by a factor of 1.10 (or if it has become a participant firm part way through the financial year, on the basis of information provided to the PRA for the purposes of Fees or on any other reasonable basis, making such adjustments as seem appropriate in subsequent levies once the true figures are known)."
cand-00376,rule,d52ff348b28f2c07,rule,20.10,Regulatory Reporting,20.10,https://www.prarulebook.co.uk/pra-rules/regulatory-reporting/01-06-2026#eda6c83544364205be2e8dbf05418c50,£5 billion,Monetary amount appears with threshold/trigger language.,"A firm satisfies Capital+ condition 5 if it: (1) is part of a consolidation group ; (2) has total assets greater than £5 billion: (a) if the firm is a UK parent institution on the basis of its consolidated situation ; or (b) if the firm is controlled by a UK parent financial holding company , a UK parent mixed financial holding company or a UK parent institution and the PRA is responsible for supervision of that UK holding company or UK parent institution on a consolidated basis , on the basis of the consolidated situation of that UK holding company or UK parent institution ; and (3) does not satisfy Capital+ condition 1 on the basis of 20.6 (1) or 20.6 (2) or Capital+ condition 3 on the basis of 20.8 (1) or 20.8 (2)."
cand-00377,rule,d40d4aa18671ad04,rule,20.10A,Regulatory Reporting,20.10A,https://www.prarulebook.co.uk/pra-rules/regulatory-reporting/01-06-2026#2030321f0e22403ca0e103a5ada032d7,£5 billion,Monetary amount appears with threshold/trigger language.,A firm satisfies Capital+ condition 5 if it is a ring-fenced body that is part of a sub-consolidation group and has total assets greater than £5 billion on a sub-consolidated basis and does not satisfy Capital+ condition 1 on the basis of 20.6 (4) or Capital+ condition 3 on the basis of 20.8 (4).
cand-00378,rule,84e39b17a9100d56,rule,20.11,Regulatory Reporting,20.11,https://www.prarulebook.co.uk/pra-rules/regulatory-reporting/01-06-2026#be81da1bb2fa4ff49a8b3391bb224401,£5 billion,Monetary amount appears with threshold/trigger language.,"A firm satisfies Capital+ condition 6 if it has total assets greater than £5 billion on an individual basis and: (1) if it is not part of a consolidation group , where it does not satisfy Capital+ condition 1 or Capital+ condition 3 ; or (2) if it is part of a consolidation group , where it does not satisfy Capital+ condition 2 or Capital+ condition 4 ."
cand-00372,rule,1514cca3501ab36b,rule,20.6,Regulatory Reporting,20.6,https://www.prarulebook.co.uk/pra-rules/regulatory-reporting/01-06-2026#e464ad7f6e354dfca140dbfd07766b96,£50 billion; £320 billion,Monetary amount appears with threshold/trigger language.,"A firm satisfies Capital+ condition 1 : (1) if the firm is UK parent institution , where it has retail deposits equal to or greater than £50 billion and total assets equal to or greater than £320 billion on the basis of its consolidated situation ; (2) if the firm is controlled by a UK parent financial holding company , a UK parent mixed financial holding company or a UK parent institution a nd the PRA is responsible for supervision of that holding company or UK parent institution on a consolidated basis , where it has retail deposits equal to or greater than £50 billion and total assets equal to or greater than £320 billion on the basis of the consolidated situation of that UK holding company or UK parent institution . (3) if the firm is not part of a consolidation group , where it has retail deposits equal to or greater than £50 billion and total assets equal to or greater than £320 billion on an individual basis; or (4) if the firm is a ring-fenced body that is part of a sub-consolidation group , where it has retail deposits equal to or greater than £50 billion and total assets equal to or greater than £320 billion on a sub-consolidated basis ."
cand-00373,rule,cc814074ab438226,rule,20.7,Regulatory Reporting,20.7,https://www.prarulebook.co.uk/pra-rules/regulatory-reporting/01-06-2026#8e930d06b41446fd89be56d1ad3976e0,£50 billion,Monetary amount appears with threshold/trigger language.,A firm satisfies Capital+ condition 2 if it: (1) satisfies Capital+ condition 1 in accordance with 20.6 (1) or 20.6 (2); and (2) has total assets equal to or greater than £50 billion on an individual basis.
cand-00374,rule,b6c938865f2f1dd6,rule,20.8,Regulatory Reporting,20.8,https://www.prarulebook.co.uk/pra-rules/regulatory-reporting/01-06-2026#3b00904374034d90970397890fb22c71,£50 billion; £5 billion; £320 billion,Monetary amount appears with threshold/trigger language.,"A firm satisfies Capital+ condition 3 : (1) if the firm is a UK parent institution , where it has retail deposits equal to or greater than £50 billion and total assets greater than £5 billion but less than £320 billion on the basis of its consolidated situation ; (2) if the firm is controlled by a UK parent financial holding company , UK parent mixed financial holding company or a UK parent institution and the PRA is responsible for supervision of that UK holding company or UK parent institution o n a consolidated basis , where it has retail deposits greater than or equal to £50 billion and total assets greater than £5 billion but less than £320 billion on the basis of the consolidated situation of that UK holding company or UK parent institution ; (3) if the firm is not part of a consolidation group , where it has retail deposits greater than £50 billion and total assets greater than £5 billion but less than £320 billion on an individual basis; or (4) if the firm is a ring-fenced body that is part of a sub-consolidation group , where it has retail deposits equal to or greater than £50 billion and total assets greater than £5 billion but less than £320 billion on a sub-consolidated"
cand-00375,rule,e8697974828034b8,rule,20.9,Regulatory Reporting,20.9,https://www.prarulebook.co.uk/pra-rules/regulatory-reporting/01-06-2026#caddf5427bed4891acfe38e222930fa5,£50 billion,Monetary amount appears with threshold/trigger language.,A firm satisfies Capital+ condition 4 if it: (1) satisfies Capital+ condition 3 in accordance with 20.8 (1) or 20.8 (2); and (2) has total assets equal to or greater than £50 billion on an individual basis.
cand-00366,rule,5e7f283097876079,rule,7.2,Regulatory Reporting,7.2,https://www.prarulebook.co.uk/pra-rules/regulatory-reporting/01-06-2026#e8e1db5fa4b1474fb93fe7d93662ca6d,£5 billion,Monetary amount appears with threshold/trigger language.,"Where a firm reports on a calendar year basis: (a) a month begins on the first day of the calendar month and ends on the last day of that month; (b) quarters end on 31 March, 30 June, 30 September and 31 December; and (c) half years end on 30 June and 31 December. (12) [deleted] (13) (a) If the reporting frequency would otherwise be weekly, the item is to be reported on every business day if (and for as long as) there is a specific liquidity stress or market liquidity stress in relation to the firm , branch or group in question. (b) If the reporting frequency would otherwise be monthly, the item is to be reported: (i) every business day if the firm has total assets , calculated in accordance with provisions implementing Council Directive 86/635/EEC, equal to or greater than £5 billion on an individual basis or UK consolidation group basis; and (ii) weekly if the firm has total assets , calculated in accordance with provisions implementing Council Directive 86/635/EEC, of less than £5 billion on both an individual basis and UK consolidation group basis, if (and for as long as) there is a specific liquidity stress or market liquidity stress in relation to the firm , branch or group i"
cand-00367,rule,5e7f283097876079,rule,7.2,Regulatory Reporting,7.2,https://www.prarulebook.co.uk/pra-rules/regulatory-reporting/01-06-2026#e8e1db5fa4b1474fb93fe7d93662ca6d,EUR 30 billion,Monetary amount appears with threshold/trigger language.,"This requirement stops applying if the total assets of the firm on both an individual basis and UK consolidation group basis reduce to less than EUR 30 billion for at least four consecutive weekly reporting periods, in which case the firm is required to start reporting this data item monthly after the end of last consecutive reporting period; and (b) monthly if the firm has total assets , calculated in accordance with provisions implementing Council Directive 86/635/EEC, of less than EUR 30 billion on both an individual basis and UK consolidation group basis."
cand-00368,rule,5e7f283097876079,rule,7.2,Regulatory Reporting,7.2,https://www.prarulebook.co.uk/pra-rules/regulatory-reporting/01-06-2026#e8e1db5fa4b1474fb93fe7d93662ca6d,EUR 30 billion,Monetary amount appears with threshold/trigger language.,"This requirement stops applying if during any monthly reporting period the total assets of the firm , on either an individual basis or UK consolidation group basis, become equal to or greater than EUR 30 billion, in which case the firm is required to start reporting this data item weekly after the end of that reporting period."
cand-00369,rule,d12f4d530f4c6bb2,rule,9.3,Regulatory Reporting,9.3,https://www.prarulebook.co.uk/pra-rules/regulatory-reporting/01-06-2026#09ca42fb07ce402e9b374858a4f038be,£5 billion,Monetary amount appears with threshold/trigger language.,"If the change is that the firm does not have to report a particular data item or does not have to report it at a particular reporting level , the firm must nevertheless report that data item or at that reporting level for any reporting period that has already begun. (10) (a) If the reporting frequency would otherwise be weekly, the item is to be reported on every business day if (and for as long as) there is a specific liquidity stress or market liquidity stress in relation to the firm , branch or group in question. (b) If the reporting frequency would otherwise be monthly, the item is to be reported: (i) every business day if the firm has total assets , calculated in accordance with provisions implementing Council Directive 86/635/EEC, equal to or greater than £5 billion on an individual basis or UK consolidation group basis; and (ii) weekly if the firm has total assets , calculated in accordance with provisions implementing Council Directive 86/635/EEC, of less than £5 billion on both an individual basis and UK consolidation group basis, if (and for as long as) there is a specific liquidity stress or market liquidity stress in relation to the firm , branch or group in question. ("
cand-00370,rule,d12f4d530f4c6bb2,rule,9.3,Regulatory Reporting,9.3,https://www.prarulebook.co.uk/pra-rules/regulatory-reporting/01-06-2026#09ca42fb07ce402e9b374858a4f038be,EUR 30 billion,Monetary amount appears with threshold/trigger language.,"This requirement stops applying if the total assets of the firm on both an individual basis and UK consolidation group basis reduce to less than EUR 30 billion for at least four consecutive weekly reporting periods, in which case the firm is required to start reporting this data item monthly after the end of last consecutive reporting period; and (b) monthly if the firm has total assets , calculated in accordance with provisions implementing Council Directive 86/635/EEC, of less than EUR 30 billion on both an individual basis and UK consolidation group basis."
cand-00371,rule,d12f4d530f4c6bb2,rule,9.3,Regulatory Reporting,9.3,https://www.prarulebook.co.uk/pra-rules/regulatory-reporting/01-06-2026#09ca42fb07ce402e9b374858a4f038be,EUR 30 billion,Monetary amount appears with threshold/trigger language.,"This requirement stops applying if during any monthly reporting period the total assets of the firm , on either an individual basis or UK consolidation group basis, become equal to or greater than EUR 30 billion, in which case the firm is required to start reporting this data item weekly after the end of that reporting period."
cand-00379,rule,66757c3a03d24841,rule,1.3,Remuneration,1.3,https://www.prarulebook.co.uk/pra-rules/remuneration/01-06-2026#3d72d2b5066541698ff9b6bf504aa00f,€1 m,Monetary amount appears with threshold/trigger language.,CRR2 means Regulation (EU) 2019/876 of the European Parliament and of the Council of 20 May 2019. group has the meaning in section 421 FSMA . high earner means an employee (of a firm or of any consolidation group entity ) whose total annual remuneration is €1 million or more per year or its equivalent in another currency determined by reference to the conversion rate applicable to the corresponding High Earners Report under Chapter 18 .
cand-00380,rule,66757c3a03d24841,rule,1.3,Remuneration,1.3,https://www.prarulebook.co.uk/pra-rules/remuneration/01-06-2026#3d72d2b5066541698ff9b6bf504aa00f,£4 billion; £20 billion,Monetary amount appears with threshold/trigger language.,"Remuneration Benchmarking Information Report means the report by which a firm provides to the PRA the information required in Chapter 17 . remuneration requirements means the requirements in 6 to 15A . remuneration statement means a statement provided to an employee by a previous firm in accordance with 15A.7 . share means the investment specified in Article 76 of the Regulated Activities Order (Shares etc). small CRR firm means a CRR firm that satisfies Condition 1 and, where the firm is part of a group containing any other firm subject to this Part on an individual basis, Condition 2, where: (1) Condition 1 is that the firm either: (a) has average total assets not exceeding £4 billion; or (b) satisfies the conditions in 2A.1 and has average total assets exceeding £4 billion but not exceeding £20 billion; and (2) Condition 2 is that where the firm is a member of a group , the criteria in (a) or (b) are satisfied in respect of any other firm in the group which is subject to this Part on an individual basis: (a) (i) the average total assets of each CRR firm in the group do not exceed £4 billion on an individual basis; (ii) the average total assets relating to the activities of the b"
cand-00384,rule,14b406330faeec70,rule,12.2,Remuneration,12.2,https://www.prarulebook.co.uk/pra-rules/remuneration/01-06-2026#8d07e678f31946b480138afc03c73731,"£660,000",Monetary amount appears with threshold/trigger language.,"A firm that is not a small CRR firm or a small third country CRR firm must ensure that: (1) when an employee leaves the firm before retirement, any discretionary pension benefits are held by the firm for a period of five years in the form of instruments referred to in 15.15 ; and (2) when an employee reaches retirement, discretionary pension benefits are paid to the employee in the form of instruments referred to in 15.15 and subject to a five-year retention period, unless the: (A) total annual remuneration of the employee is no more than £660,000; and (B) annual variable remuneration of the employee is no more than 33% of the employee's total annual remuneration ."
cand-00385,rule,ff95a3cdeca2e0f9,rule,15.18,Remuneration,15.18,https://www.prarulebook.co.uk/pra-rules/remuneration/01-06-2026#ea81e69208f54edf9752363153dc9e0a,"£660,000; £660,000 m",Monetary amount appears with threshold/trigger language.,"In the case of a variable remuneration component: (1) of £660,000 or more; or (2) payable to a director of a firm that is significant in terms of its size, internal organisation and the nature, scope and complexity of its activities; at least 40% of the first £660,000 and 60% of any amount in excess of £660,000 must be deferred on the basis set out in 15.17 ."
cand-00386,rule,1634fb00ac473bc9,rule,16.3,Remuneration,16.3,https://www.prarulebook.co.uk/pra-rules/remuneration/01-06-2026#6d22edad553343179f03b73d79081f05,£50 billion,Monetary amount appears with threshold/trigger language.,Condition 1 is that the firm is a CRR firm that has relevant total assets exceeding £50 billion.
cand-00387,rule,92ccc5b39d4403f9,rule,16.4,Remuneration,16.4,https://www.prarulebook.co.uk/pra-rules/remuneration/01-06-2026#3af86ad70f3d4e68b6299fd64e130f75,£50 billion,Monetary amount appears with threshold/trigger language.,Condition 2 is that the firm : (1) is a credit institution or a UK designated investment firm ; and (2) is part of a group containing a firm that has relevant total assets exceeding £50 billion and that is a CRR firm .
cand-00388,rule,16d1afc50a385354,rule,16.7,Remuneration,16.7,https://www.prarulebook.co.uk/pra-rules/remuneration/01-06-2026#1fbf6532d5524667b4fed6dd713646e4,"£660,000",Monetary amount appears with threshold/trigger language.,"The voiding provisions in 16.9 to 16.13 do not apply in relation to a material risk taker (X) in respect of whom both the following conditions are satisfied: (1) Condition 1 is that X’s variable remuneration is no more than 33% of total remuneration ; and (2) Condition 2 is that X’s total remuneration is no more than £660,000."
cand-00389,rule,6f526621da97eb69,rule,17.1,Remuneration,17.1,https://www.prarulebook.co.uk/pra-rules/remuneration/01-06-2026#d871a3a4a3cb43dbacbc41b8b8c44310,£50 billion,Monetary amount appears with threshold/trigger language.,"This Chapter applies to a firm to which this Part applies, which had total assets equal to or greater than £50 billion on an unconsolidated basis on the accounting reference date immediately prior to the firm’s last complete financial year."
cand-00390,rule,53800701f5ffbd86,rule,18.6,Remuneration,18.6,https://www.prarulebook.co.uk/pra-rules/remuneration/01-06-2026#a454c5570f1f49dea58fbabbc62b2572,€1m,Monetary amount needs LLM review to distinguish threshold from ordinary mention.,"The firm’s High Earners Report must report, in pay brackets of €1m, the number of high earners , including their job responsibilities, the business area involved and the main elements of salary, bonus, long-term award and pension contribution."
cand-00381,rule,a3d090c9de40be57,rule,2A.1,Remuneration,2A.1,https://www.prarulebook.co.uk/pra-rules/remuneration/01-06-2026#d8f5f8bee6fa47e0abf9e1bcbb8af366,£44 m,Monetary amount appears with threshold/trigger language.,"The conditions referred to in (1)(b) and (2)(b) of the definition of small CRR firm and in (2)(b) of the definition of small third country CRR firm are the following: (1) Subject to 2A.2 , the size of the firm’s on- and off- balance-sheet trading book business was less than or equal to both £44 million and 5% of the firm’s total assets, on the basis of the assessment set out in Article 94(3) of Chapter 3 of Trading Book (CRR) Part: (a) on the last day of at least one of the preceding three months , and (b) on the last day of at least six of the preceding twelve months ; (2) The firm’s overall net foreign-exchange position, calculated using the method set out in Article 352 of CRR , does not "
cand-00382,rule,c4d8d69cffd5b110,rule,2B.1,Remuneration,2B.1,https://www.prarulebook.co.uk/pra-rules/remuneration/01-06-2026#69cf364ac9394600a13f4921cccd1a16,£44 m,Monetary amount appears with threshold/trigger language.,"The conditions referred to in (1)(b) and (2)(b) of the definition of small third country CRR firm and in (2)(b) of the definition of small CRR firm are the following: (1) Subject to 2B.2 , the size of the on- and off- balance-sheet trading book business of the firm’s branch operation in the UK was less than or equal to both £44 million and 5% of the total assets of the firm , on the basis of the assessment set out in Article 94(3) of Chapter 3 of Trading Book (CRR) Part: (a) on the last day of at least one of the preceding three months , and (b) on the last day of at least six of the preceding twelve months ; (2) The overall net foreign-exchange position of the firm’s branch operation in the"
cand-00383,rule,88715b5e7a6382cc,rule,3.2A,Remuneration,3.2A,https://www.prarulebook.co.uk/pra-rules/remuneration/01-06-2026#9f49b3fea2ac4832823cf55d0c3bee26,£4.5 m,Monetary amount appears with threshold/trigger language.,"e for the management of such a risk category; (3) with regard to credit risk exposures of a nominal amount per transaction, representing 0.5% of the firm's common equity tier 1 capital and which is at least £4.5 million, the employee member meets either of the following criteria: (a) the employee has the authority to take, approve or veto decisions on such credit risk exposures; or (b) the employee is a voting member of a committee which has the authority to take the decisions as referred to in (a); (4) in relation to a firm for which the derogation for small trading book businesses set out in Article 94 of the CRR does not apply, the employee meets either of the following criteria: (a) the "
cand-00448,rule,a319460c9a3535cf,rule,Remuneration Structures,Remuneration,Remuneration Structures,https://www.prarulebook.co.uk/pra-rules/remuneration/01-06-2026#ef7321d889d44ea3bd63d490ce4fde3a,"£660,000",Monetary amount appears with threshold/trigger language.,"In this Chapter: (1) All the requirements of this Chapter apply to a firm that is neither a small CRR firm nor a small third country CRR firm . (2) 15.1 to 15.14 and 15.20 (1) apply to a small CRR firm or a small third country CRR firm . (3) A firm is not required to comply with 15.15 to 15.19 , 15.20A , 15.22 and 15.23 in relation to a material risk taker (X) in respect of whom both of the following conditions are satisfied: (a) [deleted] (b) [deleted] (c) condition 1 is that X’s variable remuneration is no more than 33% of total remuneration ; and (d) condition 2 is that X’s total remuneration is no more than £660,000."
cand-00403,rule,622c04db41c8e57a,rule,Article 21A(3),Reporting,3,https://www.prarulebook.co.uk/pra-rules/reporting/01-06-2026#0bbd32f1cd614037ab95827e9a98d663,£50 m; £10 m; £500 m,Monetary amount appears with threshold/trigger language.,"Long-term insurers must submit information to the PRA annually using the following templates (as applicable): (a) where the firm’s gross best estimate liabilities for long-term insurance business , other than reinsurance , are more than £50 million or the firm’s gross written premiums for long-term insurance business , other than reinsurance , are more than £10 million, template IR.12.04.01 of Chapter 9 , specifying information on best estimate assumptions for life insurance risks, following the instructions set out in section IR.12.04 of Chapter 10 ; (b) where the firm’s net best estimate liabilities for with-profits insurance business are more than £500 million and the firm is a single wit"
cand-00404,rule,622c04db41c8e57a,rule,Article 21A(3),Reporting,3,https://www.prarulebook.co.uk/pra-rules/reporting/01-06-2026#0bbd32f1cd614037ab95827e9a98d663,£500 m,Monetary amount appears with threshold/trigger language.,"bilities for with-profits insurance business are more than £500 million and the firm is a single with-profits fund : (i) template IR.12.05.01 of Chapter 9 , specifying information on value of bonus for with-profits insurance business , following the instructions set out in section IR.12.05 of Chapter 10 ; and (ii) template IR.12.06.01 of Chapter 9 , specifying information on liabilities and assets for with-profits insurance business , following the instructions set out in section IR.12.06 of Chapter 10 ."
cand-00405,rule,74686550b366574c,rule,Article 21A(4),Reporting,4,https://www.prarulebook.co.uk/pra-rules/reporting/01-06-2026#b50a2074c30446ab90e2f8b685d791aa,£500 m,Monetary amount appears with threshold/trigger language.,"Long-term insurers , where net best estimate liabilities for with-profits insurance business are more than £500 million for the firm as a whole, must submit information to the PRA annually for each ring-fenced fund which is also a with-profits fund , and for the remaining part, where this is a with-profits fund , using the following templates (as applicable): (a) template IRR.12.05.01 of Chapter 9 , specifying information on value of bonus for with-profits insurance business , following the instructions set out in section IR.12.05 of Chapter 10 ; and (b) template IRR.12.06.01 of Chapter 9 , specifying information on liabilities and assets for with-profits insurance business , following the instructions set out in section IR.12.06 of Chapter 10 ."
cand-00406,rule,682a8355ebf1ef4a,rule,Article 50(3),Reporting,3,https://www.prarulebook.co.uk/pra-rules/reporting/01-06-2026#5bac9cc0d4db4e9caeab09e8db1209e0,£500 m,Monetary amount appears with threshold/trigger language.,"Third country branch undertakings which are long-term insurers , where the net branch best estimate liabilities for with-profits insurance business are more than £500 million and the third country branch is a single with-profits fund , must submit information to the PRA annually using the following templates (as applicable) in respect of the operations of the third country branch : (a) template IR.12.05.01 of Chapter 9 , specifying information on value of bonus for with-profits insurance business , following the instructions set out in section IR.12.05 of Chapter 10 ; and (b) template IR.12.06.01 of Chapter 9 , specifying information on liabilities and assets for with-profits insurance business , following the instructions set out in section IR.12.06 of Chapter 10 ."
cand-00402,rule,62e09d5865c7531a,rule,Article 9(1),Reporting,1,https://www.prarulebook.co.uk/pra-rules/reporting/01-06-2026#ebba474648564b0a98a5cd8eb7d3269f,£1 billion,Monetary amount appears with threshold/trigger language.,"re and business model analysis, following the instructions set out in section IR.05.04 of Chapter 10 ; (i) template IR.05.05.01 of Chapter 9 , specifying information on life premiums and claims by country, following the instructions set out in section IR.05.05 of Chapter 10 ; (j) template IR.05.06.01 of Chapter 9 , specifying information on non-life premiums and claims by country, following the instructions set out in section IR.05.06 of Chapter 10 ; and (k) where life premiums (excluding unit-linked premiums ) written in the most recent reporting year exceed £1 billion, template IR.05.10.01 of Chapter 9 , specifying excess capital generation, following the instructions set out in section IR"
cand-00391,rule,b9d3e9a042dc3ad7,rule,1.2,Reporting (CRR),1.2,https://www.prarulebook.co.uk/pra-rules/reporting-crr/01-06-2026#52cc000d51564c41a7f019de1c3e821d,£5 billion,Monetary amount appears with threshold/trigger language.,"In this Part, the following definitions shall apply: additional leverage reporting requirements means the requirements specified in: (1) paragraphs (2) and (2A) of Article 430 of Chapter 4 ; (2) templates LV 49.00 to LV 52.00 in Annex X of Chapter 6 ; and (3) paragraphs 14a and 14b of Part II of Annex XI of Chapter 6 . large IFRS firm means an IFRS firm which has total assets equal to or greater than £5 billion on an individual basis or UK consolidation group basis. large Opt-in IFRS 9 firm means an Opt-in IFRS 9 firm which has total assets equal to or greater than £5 billion on an individual basis or UK consolidation group basis. reduced FINREP firm means a firm to which Article 430(3) of t"
cand-00396,rule,69b1707c5b50a3c6,rule,5B.3,Reporting (CRR),5B.3,https://www.prarulebook.co.uk/pra-rules/reporting-crr/01-06-2026#51c9dd613f8a4f44ab46e65c66a447d4,£5 billion,Monetary amount appears with threshold/trigger language.,"Subject to 5B.4 , a firm which has total assets equal to or greater than £5 billion calculated on an individual basis or UK consolidation group basis must report data item 11: (1) on an individual basis; and (2) if the firm is a member of a UK consolidation group , on a UK consolidation group basis, unless it has total assets equal to or greater than £5 billion calculated on the basis of its UK consolidation group only, in which case it may report data item 11 only at the UK consolidation group level."
cand-00397,rule,932f510e7fcd97f7,rule,5B.5,Reporting (CRR),5B.5,https://www.prarulebook.co.uk/pra-rules/reporting-crr/01-06-2026#f132cee411e246a5a0c6a01d7c37701c,£5 billion,Monetary amount appears with threshold/trigger language.,The thresholds are: (a) the firm has a gross carrying amount of non-performing loans and advances which constitute non-performing exposures in excess of 5% of its total gross carrying amount of loans and advances in the two preceding and consecutive applicable reporting periods; and (b) the firm has total assets equal to or greater than £5 billion.
cand-00398,rule,24a06837977220c1,rule,5E.3,Reporting (CRR),5E.3,https://www.prarulebook.co.uk/pra-rules/reporting-crr/01-06-2026#3f05cc38a3bb44309aeb8eb92429fd57,£5 billion,Monetary amount appears with threshold/trigger language.,"A ring-fenced body is not required to submit Templates 18, 20.4, 20.7.1 or 23.3 in relation to data items 9 to 12 on an individual basis or on a sub-consolidated basis , where the ring-fenced body has total assets of less than £5 billion on an individual basis, or on a sub-consolidated basis ."
cand-00399,rule,24a06837977220c1,rule,5E.3,Reporting (CRR),5E.3,https://www.prarulebook.co.uk/pra-rules/reporting-crr/01-06-2026#3f05cc38a3bb44309aeb8eb92429fd57,£5 billion,Monetary amount appears with threshold/trigger language.,"If the ring-fenced body’s total assets are £5 billion or more on an individual basis, or on a sub-consolidated basis , for at least two consecutive reporting periods, the ring-fenced body must report these data items from the following reporting period on an individual basis or on a sub-consolidated basis , as the case may be."
cand-00400,rule,24a06837977220c1,rule,5E.3,Reporting (CRR),5E.3,https://www.prarulebook.co.uk/pra-rules/reporting-crr/01-06-2026#3f05cc38a3bb44309aeb8eb92429fd57,£5 billion,Monetary amount appears with threshold/trigger language.,"If the ring-fenced body’s total assets on an individual basis or on a sub-consolidated basis , as the case may be, are less than £5 billion for at least two consecutive reporting periods, the ring-fenced body is not required to report these data items from the following reporting period on an individual basis or on a sub-consolidated basis , as the case may be."
cand-00392,rule,abbaa5808744eabd,rule,Article 14(3),Reporting (CRR),3,https://www.prarulebook.co.uk/pra-rules/reporting-crr/01-06-2026#d4a2d4d86c5d48a5a13b0ad096941512,GBP 260 m,Monetary amount appears with threshold/trigger language.,"In order to report information on exposures of a value greater than or equal to GBP 260 million but less than 10% of the institution's Tier 1 capital in accordance with Article 394(1) of the CRR on a consolidated basis, institutions shall submit the information specified in Annex VIII , in accordance with the instructions in Annex IX , with a quarterly frequency."
cand-00393,rule,4585dbb2c296a558,rule,Article 15(5),Reporting (CRR),5,https://www.prarulebook.co.uk/pra-rules/reporting-crr/01-06-2026#a59955d054024eadbff14e6510e05c88,GBP 8.8 billion,Monetary amount appears with threshold/trigger language.,Institutions for which the total notional value of derivatives as defined in paragraph 8 of Part II of Annex XI exceeds GBP 8.8 billion shall report the information referred to in paragraph 13 of Part II of Annex XI of Chapter 6 even if their derivatives share does not fulfil the conditions set out in paragraph 4 .
cand-00394,rule,8c35a18678c47ca1,rule,Article 15(6),Reporting (CRR),6,https://www.prarulebook.co.uk/pra-rules/reporting-crr/01-06-2026#7893eaf023e141919dea51bbb90f5871,GBP 260 m; GBP 440 m,Monetary amount appears with threshold/trigger language.,Institutions are required to report the information referred to in paragraph 14 of Part II of Annex XI of Chapter 6 where one of the following conditions is met: (a) the credit derivatives volume referred to in paragraph 9 of Part II of Annex XI of Chapter 6 is more than GBP 260 million; (b) the credit derivatives volume referred to in paragraph 9 of Part II of Annex XI of Chapter 6 exceeds GBP 440 million.
cand-00395,rule,c54ec0e21cd0f0d5,rule,Article 20(2),Reporting (CRR),2,https://www.prarulebook.co.uk/pra-rules/reporting-crr/01-06-2026#4b353bf1f9684a5b89c92db10f23940d,GBP 170 billion,Monetary amount appears with threshold/trigger language.,"UK parent institutions , UK parent financial holding companies and UK parent mixed financial holding companies shall submit the information specified in paragraph 1 only where both of the following conditions are met: (a) the total exposure measure of the group is equal to or exceeds GBP 170 billion; (b) the UK institution is headquartered in the United Kingdom ."
cand-00401,rule,b296286c8d04b62a,rule,2.9,Reporting Pillar 2,2.9,https://www.prarulebook.co.uk/pra-rules/reporting-pillar-2/01-06-2026#66e48e7f23d04acaa9bf718b27b81580,£5 billion,Monetary amount appears with threshold/trigger language.,A firm with total assets equal to or greater than £5 billion at the relevant level of consolidation used as the basis of its ICAAP must complete the data item PRA111.
cand-00407,rule,b4844eef30d76b24,rule,1.1,Resolution Assessment,1.1,https://www.prarulebook.co.uk/pra-rules/resolution-assessment/01-06-2026#0925523c92554750a1cbe31208cddd55,£100 billion,Monetary amount appears with threshold/trigger language.,"Unless otherwise stated, this Part applies to a firm that is a UK bank or building society that, on the firm’s last accounting reference date , had retail deposits equal to or greater than £100 billion on: (1) an individual basis; (2) if the firm is a UK parent institution , the basis of its consolidated situation ; or (3) if the firm is controlled by a UK parent financial holding company or by a UK parent mixed financial holding company and the PRA is responsible for supervision of that holding company on a consolidated basis , the basis of the consolidated situation of that holding company."
cand-00408,rule,d67ca4d5d72f392f,rule,1.2,Run-Off Operations,1.2,https://www.prarulebook.co.uk/pra-rules/run-off-operations-non_directive-insurers/01-06-2026#94f313fb8897476abfd2571717397b7f,"€20,000",Monetary amount appears with threshold/trigger language.,"In this Part, the following definitions shall apply: close links has the meaning given in section 4F(3) of Schedule 6 to FSMA . material transaction means a transaction (or a series of similar transactions in aggregate) in which: (1) the price actually paid or received for the transfer of assets or liabilities or the performance of services; or (2) the price which would have been paid or received had that transaction been negotiated at arm's length between unconnected parties; exceeds: (a) in the case of a firm which carries on long-term insurance business , but not general insurance business , the sum of €20,000 and 5% of the firm's liabilities arising from its long-term insurance business "
cand-00409,rule,d67ca4d5d72f392f,rule,1.2,Run-Off Operations,1.2,https://www.prarulebook.co.uk/pra-rules/run-off-operations-non_directive-insurers/01-06-2026#94f313fb8897476abfd2571717397b7f,"€20,000",Monetary amount needs LLM review to distinguish threshold from ordinary mention.,", the sum of €20,000 and 5% of the firm's liabilities arising from its long-term insurance business , excluding linked long-term liabilities and net of reinsurance ceded; or (b) in the case of a firm which carries on general insurance business , but not long-term insurance business , the sum of €20,000 and 5% of the firm's liabilities arising from its general insurance business , net of reinsurance ceded; or (c) in the case of a firm which carries on both long-term insurance business and general insurance business : (i) where the transaction is in connection with the firm's long-term insurance business , the sum of €20,000 and 5% of the firm's liabilities arising from its long-term insurance"
cand-00410,rule,d67ca4d5d72f392f,rule,1.2,Run-Off Operations,1.2,https://www.prarulebook.co.uk/pra-rules/run-off-operations-non_directive-insurers/01-06-2026#94f313fb8897476abfd2571717397b7f,"€20,000",Monetary amount appears with threshold/trigger language.," business , the sum of €20,000 and 5% of the firm's liabilities arising from its long-term insurance business , excluding linked long-term liabilities and net of reinsurance ceded; and (ii) in all other cases, the sum of €20,000 and 5% of the firm's liabilities arising from its general insurance business , net of reinsurance ceded. scheme of operations means a scheme which: (1) describes the nature of the risks which the firm is underwriting, or intends to underwrite, and the guiding principles which it intends to follow in reinsuring or covering those risks; and (2) contains the information required under 6 ."
cand-00411,rule,84d0399b4356ffb4,rule,1.2,Run-off Operations,1.2,https://www.prarulebook.co.uk/pra-rules/run-off-operations-solvency-ii/01-06-2026#bbbd71346a98439483b6b79bed6e36fd,"£18,000",Monetary amount appears with threshold/trigger language.,"In this Part, the following definitions shall apply: material transaction means a transaction (when aggregated with any similar transactions) in which: (1) the price actually paid or received for the transfer of assets or liabilities or the performance of services; or (2) the price which would have been paid or received had that transaction been negotiated at arm's length between unconnected parties; exceeds: (a) in the case of a firm which carries on long-term insurance business , but not general insurance business , the sum of £18,000 and 5% of the firm's liabilities arising from its long-term insurance business , excluding linked long-term liabilities and net of reinsurance ceded; (b) in "
cand-00412,rule,84d0399b4356ffb4,rule,1.2,Run-off Operations,1.2,https://www.prarulebook.co.uk/pra-rules/run-off-operations-solvency-ii/01-06-2026#bbbd71346a98439483b6b79bed6e36fd,"£18,000",Monetary amount needs LLM review to distinguish threshold from ordinary mention.,"rm insurance business , excluding linked long-term liabilities and net of reinsurance ceded; (b) in the case of a firm which carries on general insurance business , but not long-term insurance business , the sum of £18,000 and 5% of the firm's liabilities arising from its general insurance business , net of reinsurance ceded; or (c) in the case of a firm which carries on both long-term insurance business and general insurance business : (i) where the transaction is in connection with the firm's long-term insurance business , the sum of £18,000 and 5% of the firm's liabilities arising from its long-term insurance business , excluding linked long-term liabilities and net of reinsurance ceded; "
cand-00413,rule,84d0399b4356ffb4,rule,1.2,Run-off Operations,1.2,https://www.prarulebook.co.uk/pra-rules/run-off-operations-solvency-ii/01-06-2026#bbbd71346a98439483b6b79bed6e36fd,"£18,000",Monetary amount needs LLM review to distinguish threshold from ordinary mention.,"long-term insurance business , excluding linked long-term liabilities and net of reinsurance ceded; and (ii) in all other cases, the sum of £18,000 and 5% of the firm's liabilities arising from its general insurance business , net of reinsurance ceded; and (d) in the case of third country branch undertakings , a reference to the “ firm’s liabilities ” is to be interpreted as a reference only to the liabilities relevant to the operations effected by the third country branch . scheme of operations means a scheme which: (1) describes the nature of the risks which the insurer is underwriting, or intends to underwrite, and the guiding principles which it intends to follow in reinsuring or coverin"
cand-00414,rule,ba124d4c87aa956b,rule,2.1,SDDT Regime – General Application,2.1,https://www.prarulebook.co.uk/pra-rules/sddt-regime--general-application/01-06-2026#b6abeac4f68a4bbebc69f6b1032cbf0b,£20 billion,Monetary amount appears with threshold/trigger language.,"The SDDT criteria , in respect of a UK bank or building society , are the following criteria. (1) Either: (a) the recent average of the firm’s total assets , calculated in accordance with 2.3 , does not exceed £20 billion, or (b) if the firm has not yet been required to report its total assets , the firm reasonably forecasts that its total assets will not exceed £20 billion on the first occasion on which it will be required to report them. (2) At least 75% of the firm’s total relevant credit exposures are located in the UK , and either: (a) the recent average of the ratio of the firm’s relevant credit exposures that are located in the UK to the firm’s total relevant credit exposures , calcul"
cand-00415,rule,ba124d4c87aa956b,rule,2.1,SDDT Regime – General Application,2.1,https://www.prarulebook.co.uk/pra-rules/sddt-regime--general-application/01-06-2026#b6abeac4f68a4bbebc69f6b1032cbf0b,£44 m,Monetary amount appears with threshold/trigger language.,"t credit exposures that are located in the UK to the firm’s total relevant credit exposures , calculated in accordance with 2.4 , is at least 85%, or (b) if the firm has not yet been required to report the geographical location of its relevant credit exposures , the firm reasonably forecasts that, on the first occasion on which it will be required to do so, at least 85% of the firm’s total relevant credit exposures will be located in the UK . (3) Subject to 2.7 , the size of the firm’s on- and off- balance-sheet trading book business was less than or equal to both £44 million and 5% of the firm’s total assets, on the basis of the assessment set out in Article 94(3) of Chapter 3 of Trading Bo"
cand-00416,rule,d2ef5395216a39e5,rule,3.6A,Senior Management Functions,3.6A,https://www.prarulebook.co.uk/pra-rules/senior-management-functions/01-06-2026#da402f0a93664b41b04e26bc9bdbbe85,£10 billion,Monetary amount appears with threshold/trigger language.,The quantitative criteria referred to in 3.6 are that the relevant business area or division of the firm : (1) has gross total assets equal to or in excess of £10 billion; or (2) accounts for more than 20% of the firm’s gross revenue.
cand-00417,rule,d06d41f9ac4c41a2,rule,1,Solvency Capital Requirement - Standard Formula,1,https://www.prarulebook.co.uk/pra-rules/solvency-capital-requirement---standard-formula/01-06-2026#7e6592236f654c0ab1972d149ddde21a,"GBP 21,200,000",Monetary amount appears with threshold/trigger language.,"A firm must calculate the capital requirement for motor vehicle liability risk as equal to the loss in its basic own funds that would result from an instantaneous loss that, without deduction of the amounts recoverable from reinsurance contracts and special purpose vehicles , is calculated in accordance with the following formula in GBP: \[L_{motor}=max\left(5,300,000;44,000\cdot\sqrt{N_a+0.05\cdot N_b+0.95\cdot min\left(N_b;20,000\right)}\right)\] where: (1) N a is the number of vehicles insured by the firm in lines of business 4 and 16 with a deemed policy limit above GBP 21,200,000; and (2) N b is the number of vehicles insured by the firm in lines of business 4 and 16 with a deemed policy limit below or equal to GBP 21,200,000."
cand-00419,rule,3926cab6e9edee1a,rule,1,Solvency Capital Requirement - Standard Formula,1,https://www.prarulebook.co.uk/pra-rules/solvency-capital-requirement---standard-formula/01-06-2026#4d5f69821022460ab23d5126a5e4d31b,"GBP 8,800,000",Monetary amount appears with threshold/trigger language.,"ace of work in the UK ; (6) each company fulfils at least one of the following requirements for each of the last three financial years ending prior to the date on which the SCR is being calculated: (a) the annual turnover of the company exceeds GBP 8,800,000; (b) the balance sheet total of the company exceeds GBP 8,800,000; or (c) the number of staff employed by the company exceeds 50; (7) the value of the investment in each company represents no more than 10% of the total value of the set of investments; (8) none of the companies is a UK Solvency II undertaking , a credit institution , an investment firm , a financial institution , an alternative investment fund manager , a UCITS management"
cand-00418,rule,bfb01ecee113d625,rule,2,Solvency Capital Requirement - Standard Formula,2,https://www.prarulebook.co.uk/pra-rules/solvency-capital-requirement---standard-formula/01-06-2026#de45aac8e6624cda82f7adf16632dd14,"GBP 220,000",Monetary amount appears with threshold/trigger language.,"A firm must calculate the capital requirement for the risk of a vessel collision as equal to the loss in its basic own funds that would result from an instantaneous loss of an amount calculated in accordance with the following formula: \[L_{vessel}={max}_v\left({SI}_{\left(hull,v\right)}+{SI}_{\left(liab,v\right)}+{SI}_{\left(pollution,v\right)}\right)\] where: (1) the maximum relates to all sea, lake, river, and canal vessels insured by the firm in respect of vessel collision in lines of business 6, 18 and 27 where the insured value of the vessel is at least GBP 220,000; (2) SI (hull, v) is the sum insured by the firm , after deduction of the amounts that the firm can recover from reinsuran"
cand-00420,rule,dc2dd00c4907f7cf,rule,3,Solvency Capital Requirement - Standard Formula,3,https://www.prarulebook.co.uk/pra-rules/solvency-capital-requirement---standard-formula/01-06-2026#e8dd6316808240e68ab522fc11467a40,"GBP 8,800,000",Monetary amount appears with threshold/trigger language.," least one of the following requirements is fulfilled with respect to each of the last three financial years ending prior to the date on which the SCR is being calculated: (i) the annual turnover of the company exceeds GBP 8,800,000; (ii) the balance sheet total of the company exceeds GBP 8,800,000; or (iii) the number of staff employed by the company exceeds 50; (f) the sum of the company’s annual earnings before interest, tax, depreciation and amortisation (‘EBITDA’) over the last five financial years is greater than 0; (g) the total debt of the company at the end of the most recent financial year for which figures are available is no higher than 6.5 times the average of the company’s annu"
cand-00421,rule,8833980d3d857f2c,rule,3,Solvency Capital Requirement - Standard Formula,3,https://www.prarulebook.co.uk/pra-rules/solvency-capital-requirement---standard-formula/01-06-2026#66963709172e4486a7a36ffaf0730b00,"GBP 8,800,000",Monetary amount appears with threshold/trigger language.," of countries which are members of the OECD ; and (5) at least one of the following requirements is met for each of the last three financial years ending prior to the date on which the SCR is being calculated: (a) the annual turnover of the issuer exceeds GBP 8,800,000; (b) the balance sheet total of the issuer exceeds GBP 8,800,000; or (c) the number of staff employed by the issuer exceeds 50."
cand-00422,rule,133c9f04cf33c69f,rule,4,Solvency Capital Requirement - Standard Formula,4,https://www.prarulebook.co.uk/pra-rules/solvency-capital-requirement---standard-formula/01-06-2026#ce4d6394ce8f4e2aa8c238b8d95fcb40,"GBP 880,000",Monetary amount appears with threshold/trigger language.,"The total amount owed to the firm and, where relevant, to all related undertakings , including any exposure in default, by the counterparty or other connected third party, must not, to the knowledge of the firm , exceed GBP 880,000 and the firm must take reasonable steps to acquire this knowledge."
cand-00423,rule,364ef99179d22454,rule,Article 132(8),Standardised Approach and Internal Ratings Based Approach to Credit Risk (CRR),8,https://www.prarulebook.co.uk/pra-rules/standardised-approach-and-internal-ratings-based-approach-to-credit-risk-crr/01-06-2026#5773bf5dc9a44669979c654757fb823d,£500 m,Monetary amount appears with threshold/trigger language.,(a) An institution must notify the competent authority if either: (i) the total risk weighted exposure amounts for all of its exposures in the form of units or shares in relevant CIUs exceed 0.5% of the institution's total risk weighted exposures for credit risk and dilution risk calculated in accordance with Title II of Part Three of the CRR; or (ii) the total exposure values for all of its exposures in the form of units or shares in relevant CIUs exceed £500 million; in each case calculated on an individual or consolidated basis. (b) Institutions must make the notification in (a) promptly if: (i) at any time either of the thresholds in (a) (i) or (ii) is reached; and (ii) until such time a
cand-00424,rule,acc7774d0aae6370,rule,3.3,Third Country Branches,3.3,https://www.prarulebook.co.uk/pra-rules/third-country-branches/01-06-2026#7793f9e0067f48c5ab23e0a5f18f7ebe,"£600,000; £875,000",Monetary amount appears with threshold/trigger language.,"A third country branch undertaking (except a third country branch undertaking that has a third country pure reinsurance branch ) must hold on deposit as security in the UK with a CRD credit institution assets of an amount equal to at least: (1) £600,000 for a third country insurance branch whose insurance business is limited to general insurance business , except in the case where all or some of the general insurance business classes 10 to 15 are covered, in which case the amount must be at least £875,000; (2) £875,000 for a third country insurance branch whose insurance business is limited to long-term insurance business ; or (3) the sum of the amounts set out in (1) and (2) for a third country insurance branch that is a composite third country branch ."
cand-00426,rule,88c8d9b87dcdf4e7,rule,Article 4(1),Trading Book (CRR),1,https://www.prarulebook.co.uk/pra-rules/trading-book-crr/01-06-2026#ef792642ee5b4194b1beab56db3e84c2,GBP 13 billion,Monetary amount appears with threshold/trigger language.,"Institutions may apply the simplified approach described in this Chapter 2 of this Chapter 4 of the Trading Book (CRR) Part of the PRA Rulebook only if the sum of the absolute value of fair-valued assets and liabilities, as stated in the institution's financial statements under the applicable accounting framework, is less than GBP 13 billion."
cand-00425,rule,80c7f55e4cacd4d0,rule,Article 94(1),Trading Book (CRR),1,https://www.prarulebook.co.uk/pra-rules/trading-book-crr/01-06-2026#68b7c61f1325440189b0cb0a3c493023,GBP 44 m,Monetary amount appears with threshold/trigger language.,"By way of derogation from point (b) of Article 92(3), institutions may calculate the own funds requirement for their trading book business in accordance with paragraph 2 of this Article, provided that the size of the institutions' on- and off-balance-sheet trading book business is equal to or less than both of the following thresholds on the basis of an assessment carried out on a monthly basis using the data as of the last day of the month: (a) 5% of the institution's total assets; (b) GBP 44 million."
cand-00449,rule,cf0bda9a4d2e463c,rule,Schedules,Waivers Transitional Provisions,Schedules,https://www.prarulebook.co.uk/pra-rules/waivers-transitional-provisions/01-06-2026#47f7b73a2a0e454096fdc16ccc7eeff2,€150 m,Monetary amount appears with threshold/trigger language.,340 15 Waiver of 100% large exposure limit where the €150 million limit applies - BIPRU 10.6.32R – As waived in accordance with BIPRU 10.6.33G - SUP 15.3.11R - Art.
cand-00084,sop,a30eb48e925d4f20,guidance_document,SoP1/25 – The Prudential Regulation Authority’s approach to policy,,,https://www.prarulebook.co.uk/guidance/statements-of-policy/the-pras-approach-to-policy/01-06-2026,£73.2 billion,Monetary amount needs LLM review to distinguish threshold from ordinary mention.,Approach to our primary objectives 3.1 The UK is a leading international financial centre with a surplus of financial services trade of £73.2 billion in 202315.
cand-00085,sop,a30eb48e925d4f20,guidance_document,SoP1/25 – The Prudential Regulation Authority’s approach to policy,,,https://www.prarulebook.co.uk/guidance/statements-of-policy/the-pras-approach-to-policy/01-06-2026,£208.2 billion,Monetary amount needs LLM review to distinguish threshold from ordinary mention.,"It contributed £208.2 billion to the UK economy in 2023, 8.8% of total economic output.17 The UK financial sector supports the wider economy through its provision of vital services."
cand-00086,sop,a30eb48e925d4f20,guidance_document,SoP1/25 – The Prudential Regulation Authority’s approach to policy,,,https://www.prarulebook.co.uk/guidance/statements-of-policy/the-pras-approach-to-policy/01-06-2026,£1.2,Monetary amount needs LLM review to distinguish threshold from ordinary mention.,"At its peak, total UK government support for the financial system in cash and guarantees amounted to almost £1.2 trillion.18 3.4 Strong prudential standards are an essential component of mitigating the risks of financial crises and achieving wider financial stability."
cand-00087,sop,a58546456013dc55,guidance_document,SoP14/24 – The Prudential Regulation Authority’s approach to cost benefit analysis,,,https://www.prarulebook.co.uk/guidance/statements-of-policy/sop---the-pras-approach-to-cost-benefit-analysis/01-06-2026,£207 billion; £47 billion; £22 billion; £156 billion; £14 billion; £12 billion; £10 billion; £4 billion,Monetary amount needs LLM review to distinguish threshold from ordinary mention.,"Other overseas Major British retail banks £207 billion banks C h a rt 4 B a n ks’ cu m u la tive w rite -o ffs(a) £47 billion Per cent of total loans 8 Medium-sized and small British banks £22 billion 6 Japanese British banks merchant Building societies £156 billion £14 billion banks £12 billion US banks Vulnerable 4 £10 billion small banks £4 billion(b) (a) Sto ck o f sterlin g-d en o m in ated lo an s to U K resid en ts, exclu d in g fin an cialin stitu tio n s."
cand-00088,sop,a58546456013dc55,guidance_document,SoP14/24 – The Prudential Regulation Authority’s approach to cost benefit analysis,,,https://www.prarulebook.co.uk/guidance/statements-of-policy/sop---the-pras-approach-to-cost-benefit-analysis/01-06-2026,£ 15,Monetary amount needs LLM review to distinguish threshold from ordinary mention.,"Jap an ese b an ks also len t a (a) Fo r th e U n ited Kin gd o m , 19 9 1–9 5 :b an ks an d b u ild in g so cieties an d 2008 –12:fo r a sam p le o f th e largest m o rtgage len d ers as o f en d -2007 .Sw ed ish lo sses b ased o n h o u sin g cred it su b stan tialam o u n t o fm o n ey in th ese m arkets.A t th e en d o f in stitu tio n s.Irish lo sses are fro m 2011 to m id -2013 an d refer to A llied Irish B an k, B an k o f Irelan d an d Perm an en t T SB .U n ited States lo sses refer to allFD IC -in su red in stitu tio n s.A ll 19 8 9 ,th ey h ad £ 15 b illio n o flo an s o u tstan d in g in m o n ey lo sses are scaled to th e sh are o f lo an s o u tstan d in g at th e b egin n in g o f th e p erio d . m arkets — m argin ally less th an in vestm en t b an ks,an d eq u ivalen t to h alfth eirlen d in g in th e U n ited K in gd o m ."
cand-00089,sop,a58546456013dc55,guidance_document,SoP14/24 – The Prudential Regulation Authority’s approach to cost benefit analysis,,,https://www.prarulebook.co.uk/guidance/statements-of-policy/sop---the-pras-approach-to-cost-benefit-analysis/01-06-2026,6 Sterling,Monetary amount needs LLM review to distinguish threshold from ordinary mention.,C h a rt 5 T im e lin e o f th e crisis Per cent 8 Annual growth in GDP 7 Bank of England provides liquidity assistance to three small banks 6 Sterling ofﬁ cially joins ERM 4 BCMB enters 3 administration + Authority Bank – enters administration Chancery 1 Bank fails BCCI fails.
cand-00090,sop,a58546456013dc55,guidance_document,SoP14/24 – The Prudential Regulation Authority’s approach to cost benefit analysis,,,https://www.prarulebook.co.uk/guidance/statements-of-policy/sop---the-pras-approach-to-cost-benefit-analysis/01-06-2026,£ 6; £ 9,Monetary amount needs LLM review to distinguish threshold from ordinary mention.,"T o p ical articles T h e sm all b an k failu res o f th e early 19 9 0s 47 [a vu ln erab le sm allb an k]is th at it h as a su b stan tial C h a rt 8 Fisca l co sts o f b a n kin g crise s(a) (b ) £ 6 00m illio n o fco m m ercialp ap erin th e m arket an d it h as Per cent of annual GDP 80 £ 9 0m illio n o ffu n d in g fro m q u ality co rp o rate n am es’.In o th erw o rd s,th e B an k feared th at th e sm allb an ks’p ro b lem s 70 w o u ld sp read to a d ifferen t secto ro fth e fu n d in g m arket,an d a 60 secto ro n w h ich so m e o fth e largerb an ks w ere h eavily (1) 50 relian t."
cand-00091,sop,a58546456013dc55,guidance_document,SoP14/24 – The Prudential Regulation Authority’s approach to cost benefit analysis,,,https://www.prarulebook.co.uk/guidance/statements-of-policy/sop---the-pras-approach-to-cost-benefit-analysis/01-06-2026,£ 1; £ 2,Monetary amount appears with threshold/trigger language.,"It is cleare x p o st T h e eco n o m ic co st o fth e failu re o fth ese in stitu tio n s w as fro m th e cred it lo sses d u rin g th e recessio n th at b an ks to o k o n sm all.T o geth er,th e sm allb an ks th at failed h ad assets o f to o m u ch risk d u rin g th e b o o m p erio d . ap p ro xim ately £ 1 b illio n — less th an 0.2 % o fG D Pin 19 9 1.In co n trast to m an y b an kin g crises aro u n d th e w o rld ,th ere w as (1) B an k o f En glan d A rch ives (R eferen ce 9 A 2 5 7 /1). (2 ) N H L relied h eavily o n lo calau th o rity fu n d in g,lo sin g m u ch o f th is in M arch /A p ril19 9 1. n o go vern m en t in jectio n o fcap italin to th e b an kin g system , B y m id -M ay,o n ly o n e th ird o f th e n ext tw o m o n th s’m atu rities w ere exp ected to ro ll alth o u gh th e B an k o fEn glan d to o k a sm alllo ss o n th e o ver.Fo llo w in g B C C I’s co llap se m o st o f th is w as lo st.T h e clearers agreed to p ro vid e a £ 2 00 m illio n facility,b u t o n ly w ith an au th o rity’s gu aran tee.B y Feb ru ary 19 9 2 ,th e cred it th at it exten d ed (C h a rt 8 )."
cand-00092,sop,a58546456013dc55,guidance_document,SoP14/24 – The Prudential Regulation Authority’s approach to cost benefit analysis,,,https://www.prarulebook.co.uk/guidance/statements-of-policy/sop---the-pras-approach-to-cost-benefit-analysis/01-06-2026,£ 115 m; £ 3,Monetary amount appears with threshold/trigger language.,"In 19 9 3 ,th e B an k d isclo sed B an k o f En glan d w as co m m itted to m eetin g allN H L’s liab ilities an d b o u gh t it o u trigh t in 19 9 4 fo r a n o m in alsu m in o rd er to facilitate co n tro lo ver asset realisatio n . th at it h ad m ad e p ro visio n s o f£ 115 m illio n again st p o ssib le (3 ) C ity M erch an ts’liq u id ity d ifficu lties w ere less severe b u t clien t m o n ey fu n d in g w as at lo sses. risk.T h e B an k again gu aran teed a facility,allo w in g C ity M erch an ts tim e to ru n d o w n th e b u sin ess.A fter d iscu ssio n w ith th e B an k,N atW est an d Llo yd s agreed to p ro vid e a £ 3 0 m illio n facility fo r tw o m o n th s (w ith p o ssib le exten sio n u p to tw elve m o n th s) p ro vid ed th e B an k o f En glan d w o u ld co ver th e risk. (4 ) S ee B an k o f En glan d (19 9 3 )."
